year,amount_apc_EUR_trusted
2013,7255703.06721109
2014,8704357.17729329
2015,10695190.152436
2016,12731608.2012547
2017,14469403.3188129
2018,16150495.621162
2019,19008473.3725365
2020,25173181.358169
